{
 "timevar": [               0,          365.25,           730.5,         1095.75,            1461,         1826.25,          2191.5,         2556.75,            2922,         3287.25,          3652.5 ],
"Nats": 3,
"atlist": [ "age2 0 age3 0", "age2 1 age3 0", "age2 0 age3 1" ],
"tmat": [ [ null, 1, 2 ],
[ null, null, 3 ],
[ null, null, null ] ],
"Ntransitions": 3,
"is.cumhaz":               1,
"P_1_to_1": [
 [               1, 0.35851091106239, 0.24466309999587, 0.1830379584672, 0.14347602920538, 0.11583005436573, 0.095474238406938, 0.079936955031082, 0.067758492668779, 0.058014889312973, 0.050090338390248 ],
[               1, 0.41514049140384, 0.2938388589057, 0.22514935184955, 0.17968198303229, 0.14715775098818, 0.1227523017156, 0.10382613066768, 0.088787672255461, 0.076611448062561, 0.066603410453144 ],
[               1, 0.36844706650205, 0.24640058896679, 0.18037025575236, 0.1383324608146, 0.10929596280154, 0.088198362238908, 0.07232289187796, 0.060062610118697, 0.050401416571006, 0.042664176109123 ] 
],
"P_1_to_2": [
 [               0, 0.46302410346724, 0.50724285315088, 0.52141443821068, 0.52476182942376, 0.52312467941461, 0.51892955561578, 0.51335938196031, 0.50704956352256, 0.50036359019851, 0.49351841558827 ],
[               0, 0.37553478255661, 0.4153037620505, 0.42894328807433, 0.43285204893418, 0.43214831226891, 0.42900705474768, 0.42451007871748, 0.41925025327563, 0.41357343392697, 0.40769020125135 ],
[               0, 0.34602950497214, 0.36252026446758, 0.35957397178062, 0.35089645498194, 0.34029124176577, 0.32917572408546, 0.31814975068006, 0.30747911140567, 0.29727739658412, 0.28758445780991 ] 
],
"P_1_to_3": [
 [               0, 0.17846498547036, 0.24809404685325, 0.29554760332212, 0.33176214137086, 0.36104526621967, 0.38559620597728, 0.4067036630086, 0.42519194380866, 0.44162152048851, 0.45639124602148 ],
[               0, 0.20932472603956, 0.2908573790438, 0.34590736007612, 0.38746596803353, 0.42069393674291, 0.44824064353672, 0.47166379061484, 0.49196207446891, 0.50981511801047, 0.52570638829551 ],
[               0, 0.28552342852581, 0.39107914656562, 0.46005577246703, 0.51077108420347, 0.55041279543269, 0.58262591367563, 0.60952735744198, 0.63245827847564, 0.65232118684488, 0.66975136608096 ] 
],
"P_2_to_1": [
 [               0,               0,               0,               0,               0,               0,               0,               0,               0,               0,               0 ],
[               0,               0,               0,               0,               0,               0,               0,               0,               0,               0,               0 ],
[               0,               0,               0,               0,               0,               0,               0,               0,               0,               0,               0 ] 
],
"P_2_to_2": [
 [               1, 0.77202123178319, 0.71527852399932, 0.67719681907106, 0.64794684012719, 0.62399643257819, 0.60362721885915, 0.58586028867816, 0.57007990530518, 0.55587132892691, 0.5429407503015 ],
[               1, 0.74846811575516, 0.68714637946056, 0.64631441715179, 0.61513745770306, 0.58973414170538, 0.56822078771914, 0.54952680184927, 0.53297982329555, 0.51812778117944, 0.50465107262534 ],
[               1, 0.61031213157994, 0.52757080205075, 0.47526585908025, 0.43685972625381, 0.40656146362009, 0.38161040738615, 0.36046206953572, 0.34216019310702, 0.3260700454958, 0.3117481253589 ] 
],
"P_2_to_3": [
 [               0, 0.22797876821681, 0.28472147600068, 0.32280318092894, 0.35205315987281, 0.37600356742181, 0.39637278114085, 0.41413971132184, 0.42992009469482, 0.44412867107309, 0.4570592496985 ],
[               0, 0.25153188424484, 0.31285362053944, 0.35368558284821, 0.38486254229694, 0.41026585829462, 0.43177921228086, 0.45047319815073, 0.46702017670445, 0.48187221882056, 0.49534892737466 ],
[               0, 0.38968786842006, 0.47242919794925, 0.52473414091975, 0.56314027374619, 0.59343853637991, 0.61838959261385, 0.63953793046428, 0.65783980689298, 0.6739299545042, 0.6882518746411 ] 
],
"P_3_to_1": [
 [               0,               0,               0,               0,               0,               0,               0,               0,               0,               0,               0 ],
[               0,               0,               0,               0,               0,               0,               0,               0,               0,               0,               0 ],
[               0,               0,               0,               0,               0,               0,               0,               0,               0,               0,               0 ] 
],
"P_3_to_2": [
 [               0,               0,               0,               0,               0,               0,               0,               0,               0,               0,               0 ],
[               0,               0,               0,               0,               0,               0,               0,               0,               0,               0,               0 ],
[               0,               0,               0,               0,               0,               0,               0,               0,               0,               0,               0 ] 
],
"P_3_to_3": [
 [               1,               1,               1,               1,               1,               1,               1,               1,               1,               1,               1 ],
[               1,               1,               1,               1,               1,               1,               1,               1,               1,               1,               1 ],
[               1,               1,               1,               1,               1,               1,               1,               1,               1,               1,               1 ] 
],
"Haz_1_to_2": [
 [               0, 0.83500677619386, 1.1079651390354, 1.3073160887812, 1.4701518410584, 1.6102992198443, 1.7346693384598, 1.8472876166191, 1.9507350543982,  2.046780223481, 2.1366957129807 ],
[               0, 0.6416221020565, 0.85136425449577, 1.0045462154924, 1.1296697721446, 1.2373595039384, 1.3329259343126, 1.4194622097329, 1.4989515796069, 1.5727530205488, 1.6418443944454 ],
[               0, 0.68851965183028, 0.91359231268275, 1.0779706751395, 1.2122397836783, 1.3278007913224, 1.4303523791761, 1.5232137784828, 1.6085131986469, 1.6877089468278, 1.7618503589571 ] 
],
"Haz_1_to_3": [
 [               0, 0.19077547629037, 0.29988766926945, 0.3907206269804, 0.47140552826079, 0.54529681193729, 0.61418951973842, 0.67918532417899, 0.74102137182294, 0.80022134561779, 0.85717406226281 ],
[               0, 0.23750352768991, 0.3733413788143, 0.48642272609408, 0.5868703782663, 0.67886040172191, 0.76462751106449, 0.8455432196233, 0.92252522873376, 0.99622549088919, 1.0671280585448 ],
[               0, 0.30992629001121, 0.4871856412788, 0.63474927021845, 0.76582676822817, 0.88586762389438, 0.99778799098146,  1.103377603065, 1.2038339992848, 1.3000079342359, 1.3925310641427 ] 
],
"Haz_2_to_3": [
 [               0, 0.2587407747582, 0.33508003931764, 0.38978964892832, 0.43394255448929, 0.47160620824352, 0.50479376901676, 0.53466902613136, 0.5619736137675, 0.58721309215235, 0.6107496081681 ],
[               0, 0.28972286542326, 0.37520313227773, 0.43646376998512, 0.4859036247117, 0.52807719282512, 0.56523869244812, 0.59869126715185, 0.62926535574123, 0.65752705514396, 0.68388187636816 ],
[               0, 0.49378007798944, 0.63946568955585, 0.74387333587899, 0.82813460150955, 0.90001179947152, 0.96334683571467,  1.020360682109, 1.0724686709833, 1.1206356118798, 1.1655526247654 ] 
],