{
"timevar": [2.00000,4.00000,6.00000],
"Nats": 3,
"Ntransitions": 3,
"tmat":[["NA",1,2], ["NA","NA",3], ["NA","NA","NA"]],
"atlist": ["ag2 0 ag3 0","ag2 1 ag3 0","ag2 0 ag3 1"],
"h1": [[0.00110,0.00055,0.00037],[0.00133,0.00067,0.00044],[0.00116,0.00058,0.00039]],
"h2": [[0.07220,0.03711,0.02652],[0.05751,0.02956,0.02112],[0.09285,0.04772,0.03411]],
"h3": [[0.05706,0.02993,0.02148],[0.05079,0.02665,0.01912],[0.09807,0.05144,0.03692]],
"P_1_to_1": [[0.83000,0.74742,0.70067],[0.83000,0.76322,0.72458],[0.83000,0.72699,0.66986]],
"P_1_to_2": [[0.17000,0.15799,0.15075],[0.17000,0.15888,0.15219],[0.17000,0.14869,0.13662]],
"P_1_to_3": [[0.00000,0.09459,0.14859],[0.00000,0.07790,0.12323],[0.00000,0.12432,0.19352]],
"P_diff_1_to_1": [[0.00000,0.01580,0.02391],[0.00000,-0.02043,-0.03081]],
"P_diff_1_to_2": [[0.00000,0.00088,0.00145],[0.00000,-0.00931,-0.01412]],
"P_diff_1_to_3": [[0.00000,-0.01668,-0.02536],[0.00000,0.02974,0.04493]],
"P_ratio_1_to_1": [[1.00000,1.02123,1.03439],[1.00000,0.97273,0.95616]],
"P_ratio_1_to_2": [[1.00000,1.18622,1.19941],[1.00000,1.00828,0.97021]],
"P_ratio_1_to_3": [[null,0.83296,0.83822],[null,1.33506,1.32160]],
"Visit_1_to_1": [[1.00000,1.00000,1.00000],[1.00000,1.00000,1.00000],[1.00000,1.00000,1.00000]],
"Visit_1_to_2": [[0.17000,0.17155,0.17240],[0.17000,0.17187,0.17291],[0.17000,0.17161,0.17245]],
"Visit_1_to_3": [[0.00000,0.09459,0.14859],[0.00000,0.07790,0.12323],[0.00000,0.12432,0.19352]],
"Visit_diff_1_to_1": [[0.00000,0.00000,0.00000],[0.00000,0.00000,0.00000]],
"Visit_diff_1_to_2": [[0.00000,0.00032,0.00051],[0.00000,0.00006,0.00004]],
"Visit_diff_1_to_3": [[0.00000,-0.01668,-0.02536],[0.00000,0.02974,0.04493]],
"Visit_ratio_1_to_1": [[1.00000,1.00000,1.00000],[1.00000,1.00000,1.00000]],
"Visit_ratio_1_to_2": [[1.00000,1.17785,1.18598],[1.00000,1.03968,1.02268]],
"Visit_ratio_1_to_3": [[null,0.83296,0.83822],[null,1.33506,1.32160]],
"Los_1_to_1": [[0.00000,1.56690,3.01188],[0.00000,1.58498,3.07028],[0.00000,1.54342,2.93642]],
"Los_1_to_2": [[0.00000,0.32666,0.63495],[0.00000,0.32755,0.63822],[0.00000,0.31604,0.60058]],
"Los_1_to_3": [[0.00000,0.10644,0.35316],[0.00000,0.08747,0.29150],[0.00000,0.14054,0.46300]],
"Los_diff_1_to_1": [[0.00000,0.01808,0.05840],[0.00000,-0.02348,-0.07547]],
"Los_diff_1_to_2": [[0.00000,0.00089,0.00327],[0.00000,-0.01062,-0.03437]],
"Los_diff_1_to_3": [[0.00000,-0.01897,-0.06166],[0.00000,0.03410,0.10984]],
"Los_ratio_1_to_1": [[null,1.01157,1.01946],[null,0.98503,0.97499]],
"Los_ratio_1_to_2": [[null,1.21724,1.19997],[null,1.06526,1.01074]],
"Los_ratio_1_to_3": [[null,0.83172,0.83469],[null,1.34210,1.33129]],
"User_1": [[0.00000,1.89356,3.64684],[0.00000,1.91253,3.70850],[0.00000,1.85946,3.53700]],
"User_diff_1": [[0.00000,0.01897,0.06166],[0.00000,-0.03410,-0.10984]],
"User_ratio_1": [[null,1.01006,1.01703],[null,0.98203,0.97000]],
"P_1_to_1_uci": [[1.00000,1.00000,1.00000],[1.00000,1.00000,1.00000],[1.00000,1.00000,1.00000]],
"P_1_to_2_uci": [[0.90994,0.83791,0.79526],[0.90994,0.84097,0.80033],[0.90994,0.78812,0.72029]],
"P_1_to_3_uci": [[0.00000,0.12055,0.19130],[0.00000,0.10175,0.16200],[0.00000,0.15462,0.24308]],
"P_diff_1_to_1_uci": [[0.00000,0.04254,0.06463],[0.00000,0.00883,0.01298]],
"P_diff_1_to_2_uci": [[0.00000,0.01000,0.01565],[0.00000,0.03293,0.04959]],
"P_diff_1_to_3_uci": [[0.00000,0.01042,0.01588],[0.00000,0.06387,0.09614]],
"P_ratio_1_to_1_uci": [[1.00000,1.04926,1.08043],[1.00000,1.00047,1.00007]],
"P_ratio_1_to_2_uci": [[1.00000,1.61306,1.59385],[1.00000,1.49200,1.30666]],
"P_ratio_1_to_3_uci": [[null,1.10661,1.10469],[null,1.77994,1.74138]],
"Visit_1_to_1_uci": [[1.00000,1.00000,1.00000],[1.00000,1.00000,1.00000],[1.00000,1.00000,1.00000]],
"Visit_1_to_2_uci": [[0.90994,0.91011,0.91020],[0.90994,0.91014,0.91026],[0.90994,0.91011,0.91021]],
"Visit_1_to_3_uci": [[0.00000,0.12055,0.19130],[0.00000,0.10175,0.16200],[0.00000,0.15462,0.24308]],
"Visit_diff_1_to_1_uci": [[0.00000,0.00000,0.00000],[0.00000,0.00000,0.00000]],
"Visit_diff_1_to_2_uci": [[0.00000,0.00110,0.00168],[0.00000,0.00060,0.00085]],
"Visit_diff_1_to_3_uci": [[0.00000,0.01042,0.01588],[0.00000,0.06387,0.09614]],
"Visit_ratio_1_to_1_uci": [[1.00000,1.00000,1.00000],[1.00000,1.00000,1.00000]],
"Visit_ratio_1_to_2_uci": [[1.00000,1.61778,1.55964],[1.00000,1.50087,1.35465]],
"Visit_ratio_1_to_3_uci": [[null,1.10661,1.10469],[null,1.77994,1.74138]],
"Los_1_to_1_uci": [[0.00000,2.96396,5.69815],[0.00000,2.99820,5.80875],[0.00000,2.91965,5.55594]],
"Los_1_to_2_uci": [[0.00000,1.73964,3.37002],[0.00000,1.74242,3.38111],[0.00000,1.68256,3.18634]],
"Los_1_to_3_uci": [[0.00000,0.13529,0.45104],[0.00000,0.11381,0.38087],[0.00000,0.17381,0.57634]],
"Los_diff_1_to_1_uci": [[0.00000,0.04860,0.15714],[0.00000,0.01002,0.03204]],
"Los_diff_1_to_2_uci": [[0.00000,0.01115,0.03721],[0.00000,0.03780,0.12137]],
"Los_diff_1_to_3_uci": [[0.00000,0.01220,0.03864],[0.00000,0.07316,0.23520]],
"Los_ratio_1_to_1_uci": [[null,1.02673,1.04513],[null,1.00019,1.00020]],
"Los_ratio_1_to_2_uci": [[null,1.84225,1.60811],[null,2.00255,1.49632]],
"Los_ratio_1_to_3_uci": [[null,1.11120,1.10667],[null,1.79805,1.76743]],
"User_1_uci": [[0.00000,1.92241,3.74472],[0.00000,1.93887,3.79788],[0.00000,1.89272,3.65034]],
"User_diff_1_uci": [[0.00000,0.05014,0.16197],[0.00000,0.00495,0.01552]],
"User_ratio_1_uci": [[null,1.02661,1.04479],[null,1.00246,1.00385]],
"P_1_to_1_lci": [[0.09006,0.08077,0.07501],[0.09006,0.08243,0.07755],[0.09006,0.07838,0.07124]],
"P_1_to_2_lci": [[0.00000,0.00000,0.00000],[0.00000,0.00000,0.00000],[0.00000,0.00000,0.00000]],
"P_1_to_3_lci": [[0.00000,0.06863,0.10587],[0.00000,0.05406,0.08445],[0.00000,0.09403,0.14395]],
"P_diff_1_to_1_lci": [[0.00000,-0.01094,-0.01680],[0.00000,-0.04969,-0.07460]],
"P_diff_1_to_2_lci": [[0.00000,-0.00824,-0.01275],[0.00000,-0.05155,-0.07784]],
"P_diff_1_to_3_lci": [[0.00000,-0.04379,-0.06660],[0.00000,-0.00440,-0.00627]],
"P_ratio_1_to_1_lci": [[1.00000,0.99320,0.98835],[1.00000,0.94499,0.91225]],
"P_ratio_1_to_2_lci": [[1.00000,0.75937,0.80496],[1.00000,0.52456,0.63375]],
"P_ratio_1_to_3_lci": [[null,0.55931,0.57176],[null,0.89018,0.90182]],
"Visit_1_to_1_lci": [[1.00000,1.00000,1.00000],[1.00000,1.00000,1.00000],[1.00000,1.00000,1.00000]],
"Visit_1_to_2_lci": [[0.00000,0.00000,0.00000],[0.00000,0.00000,0.00000],[0.00000,0.00000,0.00000]],
"Visit_1_to_3_lci": [[0.00000,0.06863,0.10587],[0.00000,0.05406,0.08445],[0.00000,0.09403,0.14395]],
"Visit_diff_1_to_1_lci": [[0.00000,0.00000,0.00000],[0.00000,0.00000,0.00000]],
"Visit_diff_1_to_2_lci": [[0.00000,-0.00046,-0.00066],[0.00000,-0.00048,-0.00076]],
"Visit_diff_1_to_3_lci": [[0.00000,-0.04379,-0.06660],[0.00000,-0.00440,-0.00627]],
"Visit_ratio_1_to_1_lci": [[1.00000,1.00000,1.00000],[1.00000,1.00000,1.00000]],
"Visit_ratio_1_to_2_lci": [[1.00000,0.73793,0.81232],[1.00000,0.57849,0.69071]],
"Visit_ratio_1_to_3_lci": [[null,0.55931,0.57176],[null,0.89018,0.90182]],
"Los_1_to_1_lci": [[0.00000,0.16984,0.32562],[0.00000,0.17176,0.33182],[0.00000,0.16719,0.31689]],
"Los_1_to_2_lci": [[0.00000,0.00000,0.00000],[0.00000,0.00000,0.00000],[0.00000,0.00000,0.00000]],
"Los_1_to_3_lci": [[0.00000,0.07759,0.25528],[0.00000,0.06113,0.20212],[0.00000,0.10728,0.34966]],
"Los_diff_1_to_1_lci": [[0.00000,-0.01243,-0.04034],[0.00000,-0.05698,-0.18298]],
"Los_diff_1_to_2_lci": [[0.00000,-0.00938,-0.03067],[0.00000,-0.05904,-0.19011]],
"Los_diff_1_to_3_lci": [[0.00000,-0.05014,-0.16197],[0.00000,-0.00495,-0.01552]],
"Los_ratio_1_to_1_lci": [[null,0.99640,0.99380],[null,0.96988,0.94978]],
"Los_ratio_1_to_2_lci": [[null,0.59222,0.79184],[null,0.12797,0.52515]],
"Los_ratio_1_to_3_lci": [[null,0.55224,0.56272],[null,0.88615,0.89514]],
"User_1_to_lci": [[0.00000,1.86471,3.54896],[0.00000,1.88619,3.61913],[0.00000,1.82619,3.42366]],
"User_diff_1_lci": [[0.00000,-0.01220,-0.03864],[0.00000,-0.07316,-0.23520]],
"User_ratio_1_lci": [[null,0.99351,0.98926],[null,0.96161,0.93614]],