{
"timevar": [0.00000,0.10000,0.20000,0.30000,0.40000,0.50000,0.60000,0.70000,0.80000,0.90000,1.00000,1.10000,1.20000,1.30000,1.40000,1.50000,1.60000,1.70000,1.80000,1.90000,2.00000,2.10000,2.20000,2.30000,2.40000,2.50000,2.60000,2.70000,2.80000,2.90000,3.00000,3.10000,3.20000,3.30000,3.40000,3.50000,3.60000,3.70000,3.80000,3.90000,4.00000,4.10000,4.20000,4.30000,4.40000,4.50000,4.60000,4.70000,4.80000,4.90000,5.00000,5.10000,5.20000,5.30000,5.40000,5.50000,5.60000,5.70000,5.80000,5.90000,6.00000,6.10000,6.20000,6.30000,6.40000,6.50000,6.60000,6.70000,6.80000,6.90000,7.00000,7.10000,7.20000,7.30000,7.40000,7.50000,7.60000,7.70000,7.80000,7.90000,8.00000,8.10000,8.20000,8.30000,8.40000,8.50000,8.60000,8.70000,8.80000,8.90000,9.00000,9.10000,9.20000,9.30000,9.40000,9.50000,9.60000,9.70000,9.80000,9.90000,10.00000],
"Nats": 3,
"statenames":["State 1 (clock forward)","State 2 (clock forward)","State 3 (clock forward)","State 1 (clock reset)","State 2 (clock reset)","State 3 (clock reset)"],
"Ntransitions": 6,
"tmat":[["NA",1,2,"NA","NA","NA"], ["NA","NA",3,"NA","NA","NA"], ["NA","NA","NA","NA","NA","NA"],["NA","NA","NA","NA",4,5], ["NA","NA","NA","NA","NA",6], ["NA","NA","NA","NA","NA","NA"]],
"atlist": ["<20 y.old","20-40 y.old",">40 y.old"],
"P_1_to_1": [[1.00000,0.60203,0.47559,0.41772,0.38475,0.36460,0.35122,0.34173,0.33444,0.32849,0.32335,0.31883,0.31475,0.31104,0.30761,0.30450,0.30166,0.29896,0.29645,0.29412,0.29189,0.28984,0.28789,0.28604,0.28424,0.28254,0.28095,0.27938,0.27792,0.27648,0.27509,0.27375,0.27248,0.27123,0.27004,0.26888,0.26776,0.26664,0.26559,0.26456,0.26354,0.26255,0.26159,0.26065,0.25973,0.25884,0.25795,0.25710,0.25627,0.25547,0.25465,0.25388,0.25309,0.25234,0.25160,0.25088,0.25015,0.24945,0.24878,0.24809,0.24742,0.24676,0.24612,0.24547,0.24484,0.24423,0.24362,0.24300,0.24239,0.24179,0.24122,0.24065,0.24008,0.23951,0.23895,0.23840,0.23787,0.23735,0.23682,0.23630,0.23579,0.23526,0.23475,0.23427,0.23379,0.23331,0.23282,0.23237,0.23191,0.23144,0.23099,0.23054,0.23008,0.22964,0.22919,0.22874,0.22830,0.22788,0.22743,0.22702,0.22661],[1.00000,0.54977,0.42441,0.37230,0.34452,0.32809,0.31760,0.31033,0.30488,0.30048,0.29670,0.29332,0.29031,0.28756,0.28503,0.28271,0.28052,0.27857,0.27670,0.27492,0.27327,0.27173,0.27023,0.26879,0.26743,0.26616,0.26493,0.26375,0.26263,0.26156,0.26052,0.25951,0.25852,0.25758,0.25669,0.25579,0.25491,0.25408,0.25328,0.25248,0.25171,0.25097,0.25023,0.24951,0.24880,0.24812,0.24745,0.24679,0.24614,0.24551,0.24491,0.24428,0.24369,0.24310,0.24255,0.24198,0.24143,0.24089,0.24036,0.23981,0.23928,0.23879,0.23827,0.23777,0.23727,0.23677,0.23630,0.23584,0.23537,0.23493,0.23449,0.23405,0.23362,0.23318,0.23275,0.23232,0.23190,0.23150,0.23109,0.23068,0.23027,0.22987,0.22947,0.22908,0.22869,0.22832,0.22795,0.22757,0.22721,0.22684,0.22647,0.22611,0.22574,0.22539,0.22505,0.22471,0.22436,0.22402,0.22368,0.22336,0.22304],[1.00000,0.58187,0.44851,0.38577,0.34947,0.32711,0.31230,0.30181,0.29371,0.28712,0.28142,0.27638,0.27188,0.26778,0.26406,0.26063,0.25747,0.25454,0.25179,0.24926,0.24687,0.24465,0.24251,0.24052,0.23859,0.23677,0.23504,0.23338,0.23178,0.23026,0.22878,0.22736,0.22600,0.22468,0.22339,0.22213,0.22095,0.21980,0.21868,0.21759,0.21653,0.21549,0.21449,0.21353,0.21259,0.21169,0.21079,0.20990,0.20902,0.20816,0.20731,0.20648,0.20568,0.20491,0.20414,0.20339,0.20268,0.20195,0.20124,0.20052,0.19982,0.19913,0.19843,0.19776,0.19710,0.19645,0.19580,0.19518,0.19456,0.19396,0.19336,0.19278,0.19222,0.19166,0.19110,0.19053,0.19000,0.18945,0.18893,0.18840,0.18788,0.18736,0.18684,0.18633,0.18584,0.18533,0.18484,0.18436,0.18389,0.18342,0.18296,0.18249,0.18203,0.18157,0.18113,0.18069,0.18025,0.17983,0.17942,0.17899,0.17859]],
"P_1_to_2": [[0.00000,0.36859,0.45508,0.47032,0.46653,0.45764,0.44807,0.43942,0.43195,0.42564,0.42027,0.41563,0.41155,0.40787,0.40461,0.40151,0.39867,0.39599,0.39347,0.39111,0.38885,0.38673,0.38469,0.38273,0.38087,0.37910,0.37744,0.37583,0.37427,0.37277,0.37132,0.36993,0.36857,0.36726,0.36598,0.36477,0.36357,0.36241,0.36125,0.36013,0.35905,0.35800,0.35697,0.35599,0.35500,0.35404,0.35307,0.35212,0.35122,0.35035,0.34948,0.34863,0.34779,0.34698,0.34615,0.34536,0.34461,0.34387,0.34312,0.34238,0.34166,0.34094,0.34022,0.33952,0.33883,0.33816,0.33749,0.33681,0.33616,0.33552,0.33486,0.33421,0.33359,0.33296,0.33234,0.33173,0.33112,0.33054,0.32995,0.32940,0.32884,0.32826,0.32769,0.32713,0.32657,0.32600,0.32546,0.32494,0.32442,0.32389,0.32337,0.32286,0.32235,0.32185,0.32134,0.32086,0.32036,0.31989,0.31939,0.31891,0.31844],[0.00000,0.42715,0.52119,0.53858,0.53530,0.52654,0.51684,0.50804,0.50037,0.49376,0.48821,0.48334,0.47915,0.47534,0.47190,0.46870,0.46570,0.46289,0.46027,0.45778,0.45545,0.45325,0.45114,0.44912,0.44718,0.44538,0.44359,0.44187,0.44025,0.43866,0.43713,0.43566,0.43423,0.43288,0.43155,0.43025,0.42899,0.42775,0.42657,0.42542,0.42429,0.42321,0.42213,0.42109,0.42005,0.41905,0.41807,0.41712,0.41616,0.41525,0.41432,0.41343,0.41257,0.41170,0.41082,0.41001,0.40920,0.40837,0.40757,0.40678,0.40602,0.40525,0.40449,0.40373,0.40300,0.40228,0.40156,0.40087,0.40019,0.39950,0.39883,0.39817,0.39752,0.39684,0.39618,0.39554,0.39492,0.39429,0.39367,0.39307,0.39248,0.39189,0.39128,0.39069,0.39011,0.38955,0.38897,0.38840,0.38784,0.38729,0.38671,0.38616,0.38561,0.38508,0.38454,0.38401,0.38348,0.38295,0.38243,0.38192,0.38142],[0.00000,0.38040,0.46053,0.46524,0.45023,0.43203,0.41520,0.40085,0.38902,0.37914,0.37086,0.36382,0.35768,0.35222,0.34729,0.34273,0.33847,0.33457,0.33090,0.32749,0.32426,0.32121,0.31830,0.31556,0.31295,0.31046,0.30810,0.30584,0.30366,0.30152,0.29949,0.29754,0.29567,0.29386,0.29215,0.29044,0.28882,0.28721,0.28568,0.28419,0.28272,0.28135,0.27997,0.27861,0.27732,0.27600,0.27473,0.27350,0.27227,0.27111,0.26996,0.26882,0.26770,0.26662,0.26553,0.26449,0.26348,0.26249,0.26149,0.26052,0.25955,0.25860,0.25769,0.25677,0.25588,0.25502,0.25414,0.25326,0.25243,0.25160,0.25076,0.24997,0.24917,0.24838,0.24761,0.24683,0.24606,0.24535,0.24460,0.24386,0.24312,0.24242,0.24170,0.24099,0.24031,0.23962,0.23894,0.23829,0.23762,0.23695,0.23630,0.23567,0.23504,0.23441,0.23378,0.23314,0.23252,0.23190,0.23130,0.23071,0.23012]],